{
    "nocommand": false,
    "stem": true,
    "ngram_max": 4,
    "loss": "log_loss",
    "l1_ratio": 0.02541912674409519,
    "alpha": 2.1070472806578224e-05,
    "learning_rate": "invscaling",
    "eta0": 0.7568292060167615,
    "power_t": 0.4579309401710595,
    "threshold": [
        0.59,
        0.79,
        0.55,
        0.7000000000000001,
        0.5,
        0.72,
        0.76,
        0.63,
        0.7000000000000001,
        0.77
    ]
}